date,value
2016-09-30,186.92
2016-10-03,190.09
2016-10-04,190.66
2016-10-05,190.5
2016-10-06,189.72
2016-10-07,189.38
2016-10-10,189.63
2016-10-13,187.48
2016-10-14,188.17
2016-10-17,186.94
2016-10-18,189.47
2016-10-19,189.26
2016-10-20,189.22
2016-10-21,189.21
2016-10-24,189.05
2016-10-25,188.81
2016-10-26,186.55
2016-10-27,185.76
2016-10-28,186.84
2016-11-01,186.83
2016-11-02,184.56
2016-11-03,183.84
2016-11-04,182.68
2016-11-07,183.96
2016-11-08,184.74
2016-11-09,181.87
2016-11-10,183.52
2016-11-11,178.81
2016-11-15,173.9
2016-11-16,173.96
2016-11-17,173.23
2016-11-18,172.96
2016-11-21,169.8
2016-11-22,171.33
2016-11-23,172.49
2016-11-24,171.64
2016-11-25,174.6
2016-11-28,175.17
2016-11-29,175.47
2016-11-30,177.5
2016-12-01,176.5
2016-12-02,174.49
2016-12-05,175.4
2016-12-06,175.35
2016-12-07,174.12
2016-12-08,176.76
2016-12-09,177.43
2016-12-12,175.4
2016-12-13,175.68
2016-12-14,174.93
2016-12-15,174.59
2016-12-16,174.17
2016-12-19,173.35
2016-12-20,172.61
2016-12-21,172.42
2016-12-22,170.45
2016-12-23,170.6
2016-12-26,168.81
2016-12-27,171.11
2016-12-28,171.36
2016-12-29,172.93
2016-12-30,174.94
2017-01-02,175.16
2017-01-03,175.89
2017-01-04,176.08
2017-01-05,177.78
2017-01-06,176.92
2017-01-09,176.93
2017-01-10,178.06
2017-01-11,180.14
2017-01-12,180.56
2017-01-13,180.25
2017-01-16,180.2
2017-01-17,180.55
2017-01-18,181.01
2017-01-19,181.65
2017-01-20,179.69
2017-01-23,180.41
2017-01-24,182.27
2017-01-25,184.1
2017-01-27,184.95
2017-01-30,184.72
2017-01-31,183.01
2017-02-01,186.71
2017-02-02,187.46
2017-02-03,188.75
2017-02-06,190.27
2017-02-07,189.7
2017-02-08,189.51
2017-02-09,189.86
2017-02-10,190.01
2017-02-13,189.52
2017-02-14,188.61
2017-02-15,186.71
2017-02-16,188.67
2017-02-17,189.76
2017-02-20,190.79
2017-02-21,191.46
2017-02-22,191.68
2017-02-23,191.88
2017-02-27,191.28
2017-02-28,191.01
2017-03-01,191.83
2017-03-02,190.41
2017-03-03,190.73
2017-03-06,192.06
2017-03-07,191.73
2017-03-08,191.02
2017-03-09,191.01
2017-03-10,191.04
2017-03-14,193.71
2017-03-15,194.18
2017-03-16,195.5
2017-03-17,195.89
2017-03-20,195.29
2017-03-21,195.03
2017-03-22,193.24
2017-03-23,194.2
2017-03-24,194.62
2017-03-27,193.93
2017-03-28,194.98
2017-03-29,195.24
2017-03-30,196.11
2017-03-31,196.59
2017-04-03,197.76
2017-04-05,198.64
2017-04-06,198.59
2017-04-07,197.52
2017-04-10,197.46
2017-04-11,198.78
2017-04-12,198.28
2017-04-13,197.37
2017-04-17,197.22
2017-04-18,196.64
2017-04-19,196.75
2017-04-20,197.65
2017-04-21,197.73
2017-04-24,199.73
2017-04-25,201.85
2017-04-26,202.44
2017-04-27,202.14
2017-04-28,201.92
2017-05-02,201.99
2017-05-03,201.53
2017-05-04,202.8
2017-05-05,201.22
2017-05-08,202.01
2017-05-09,202.36
2017-05-10,203.68
2017-05-11,204.22
2017-05-12,203.27
2017-05-15,204.08
2017-05-16,205.46
2017-05-17,205.14
2017-05-18,202.74
2017-05-19,202.46
2017-05-22,202.54
2017-05-23,201.06
2017-05-24,199.95
2017-05-25,203.34
2017-05-26,205.23
2017-05-29,204.51
2017-05-30,205.49
2017-05-31,206.32
2017-06-01,206.58
2017-06-02,207.85
2017-06-05,208.03
2017-06-06,207.04
2017-06-07,208.19
2017-06-08,208.04
2017-06-09,208.37
2017-06-12,207.14
2017-06-13,206.93
2017-06-14,207.16
2017-06-15,206.46
2017-06-16,206.98
2017-06-19,208.13
2017-06-20,208.03
2017-06-21,207.85
2017-06-22,207.36
2017-06-23,206.02
2017-06-27,204.17
2017-06-28,203.67
2017-06-29,204.41
2017-06-30,205.36
2017-07-03,207.41
2017-07-04,207.36
2017-07-05,208.31
2017-07-06,208.91
2017-07-07,208.93
2017-07-10,210.46
2017-07-11,210.46
2017-07-12,211.18
2017-07-13,212.84
2017-07-14,212.97
2017-07-17,212.92
2017-07-18,210.8
2017-07-19,211.85
2017-07-20,210.68
2017-07-21,211.42
2017-07-24,212.33
2017-07-25,212.16
2017-07-26,212.9
2017-07-27,212.75
2017-07-28,212.77
2017-07-31,214.59
2017-08-01,215.22
2017-08-02,214.89
2017-08-03,212.99
2017-08-04,213.91
2017-08-07,214.3
2017-08-08,211.98
2017-08-09,209.47
2017-08-10,206.74
2017-08-11,205.59
2017-08-14,207.96
2017-08-16,209.93
2017-08-17,210.16
2017-08-18,208.9
2017-08-21,207.23
2017-08-22,207.02
2017-08-23,208.75
2017-08-24,208.99
2017-08-28,210.03
2017-08-29,207.76
2017-08-30,210.0
2017-08-31,211.06
2017-09-01,212.79
2017-09-04,211.74
2017-09-05,212.93
2017-09-06,212.4
2017-09-07,213.2
2017-09-08,213.02
2017-09-11,215.15
2017-09-12,216.51
2017-09-13,215.61
2017-09-14,215.65
2017-09-15,215.49
2017-09-18,216.84
2017-09-19,216.85
2017-09-20,216.37
2017-09-21,215.67
2017-09-22,211.74
2017-09-25,209.76
2017-09-26,209.66
2017-09-27,206.75
2017-09-28,207.53
2017-09-29,208.88
2017-10-03,210.16
2017-10-04,211.2
2017-10-05,210.73
2017-10-06,212.34
2017-10-09,212.17
2017-10-10,213.07
2017-10-11,212.25
2017-10-12,214.42
2017-10-13,215.03
2017-10-16,215.28
2017-10-17,215.25
2017-10-18,214.83
2017-10-23,214.86
2017-10-24,215.02
2017-10-25,216.92
2017-10-26,217.49
2017-10-27,217.29
2017-10-30,219.02
2017-10-31,218.92
2017-11-01,220.99
2017-11-02,220.81
2017-11-03,221.14
2017-11-06,221.17
2017-11-07,219.35
2017-11-08,217.97
2017-11-09,218.79
2017-11-10,219.31
2017-11-13,217.52
2017-11-14,216.7
2017-11-15,215.5
2017-11-16,217.08
2017-11-17,218.83
2017-11-20,218.86
2017-11-21,219.59
2017-11-22,219.67
2017-11-23,220.04
2017-11-24,220.58
2017-11-27,221.09
2017-11-28,221.07
2017-11-29,220.95
2017-11-30,218.83
2017-12-01,216.8
2017-12-04,216.52
2017-12-05,216.45
2017-12-06,215.0
2017-12-07,218.08
2017-12-08,219.8
2017-12-11,220.76
2017-12-12,219.24
2017-12-13,218.18
2017-12-14,219.16
2017-12-15,220.85
2017-12-18,222.49
2017-12-19,224.46
2017-12-20,224.46
2017-12-21,224.99
2017-12-22,225.74
2017-12-26,226.46
2017-12-27,225.56
2017-12-28,225.41
2017-12-29,225.98
2018-01-01,224.67
2018-01-02,224.11
2018-01-03,224.29
2018-01-04,225.58
2018-01-05,227.03
2018-01-08,228.63
2018-01-09,228.29
2018-01-10,227.74
2018-01-11,227.89
2018-01-12,228.92
2018-01-15,229.47
2018-01-16,228.16
2018-01-17,229.87
2018-01-18,229.86
2018-01-19,231.31
2018-01-22,232.27
2018-01-23,234.71
2018-01-24,234.83
2018-01-25,233.78
2018-01-29,233.89
2018-01-30,232.45
2018-01-31,232.16
2018-02-01,232.48
2018-02-02,226.4
2018-02-05,224.18
2018-02-06,220.88
2018-02-07,220.76
2018-02-08,223.1
2018-02-09,221.09
2018-02-12,223.02
2018-02-14,222.71
2018-02-15,222.77
2018-02-16,220.17
2018-02-19,218.25
2018-02-20,218.07
2018-02-21,218.78
2018-02-22,218.14
2018-02-23,220.68
2018-02-26,223.15
2018-02-27,222.21
2018-02-28,221.17
2018-03-01,220.19
2018-03-05,218.2
2018-03-06,216.23
2018-03-07,214.05
2018-03-08,215.88
2018-03-09,215.49
2018-03-12,218.92
2018-03-13,220.03
2018-03-14,219.97
2018-03-15,218.92
2018-03-16,215.94
2018-03-19,214.09
2018-03-20,214.77
2018-03-21,215.0
2018-03-22,213.73
2018-03-23,211.38
2018-03-26,214.58
2018-03-27,216.23
2018-03-28,214.66
2018-04-02,216.27
2018-04-03,217.48
2018-04-04,214.96
2018-04-05,218.96
2018-04-06,219.66
2018-04-09,220.5
2018-04-10,220.84
2018-04-11,220.99
2018-04-12,221.33
2018-04-13,221.48
2018-04-16,222.5
2018-04-17,222.74
2018-04-18,222.25
2018-04-19,223.08
2018-04-20,222.45
2018-04-23,223.09
2018-04-24,223.83
2018-04-25,222.57
2018-04-26,223.27
2018-04-27,224.58
2018-04-30,225.34
2018-05-02,223.9
2018-05-03,222.4
2018-05-04,221.6
2018-05-07,223.88
2018-05-08,223.88
2018-05-09,223.88
2018-05-10,223.01
2018-05-11,225.25
2018-05-14,225.36
2018-05-15,224.79
2018-05-16,223.96
2018-05-17,223.02
2018-05-18,220.7
2018-05-21,218.66
2018-05-22,219.21
2018-05-23,217.19
2018-05-24,218.16
2018-05-25,220.87
2018-05-28,222.55
2018-05-29,221.73
2018-05-30,221.54
2018-05-31,224.04
2018-06-01,222.18
2018-06-04,220.82
2018-06-05,219.81
2018-06-06,221.42
2018-06-07,223.25
2018-06-08,223.2
2018-06-11,223.86
2018-06-12,224.98
2018-06-13,224.97
2018-06-14,224.16
2018-06-15,223.67
2018-06-18,223.28
2018-06-19,221.41
2018-06-20,222.62
2018-06-21,222.02
2018-06-22,223.24
2018-06-25,221.88
2018-06-26,222.02
2018-06-27,219.86
2018-06-28,217.2
2018-06-29,219.73
2018-07-02,218.81
2018-07-03,219.57
2018-07-04,221.37
2018-07-05,220.9
2018-07-06,221.23
2018-07-09,223.17
2018-07-10,225.14
2018-07-11,224.27
2018-07-12,225.49
2018-07-13,224.57
2018-07-16,222.65
2018-07-17,224.53
2018-07-18,223.85
2018-07-19,223.61
2018-07-20,225.37
2018-07-23,227.16
2018-07-24,229.19
2018-07-25,229.15
2018-07-26,229.86
2018-07-27,232.39
2018-07-30,233.52
2018-07-31,234.56
2018-08-01,234.41
2018-08-02,232.42
2018-08-03,234.65
2018-08-06,235.22
2018-08-07,234.98
2018-08-08,235.58
2018-08-09,236.14
2018-08-10,235.22
2018-08-13,233.13
2018-08-14,234.81
2018-08-16,233.93
2018-08-17,235.85
2018-08-20,237.53
2018-08-21,238.27
2018-08-23,238.88
2018-08-24,238.13
2018-08-27,240.86
2018-08-28,241.63
2018-08-29,240.56
2018-08-30,240.01
2018-08-31,239.89
2018-09-03,238.21
2018-09-04,235.57
2018-09-05,234.55
2018-09-06,235.6
2018-09-07,237.03
2018-09-10,233.95
2018-09-11,230.84
2018-09-12,231.94
2018-09-14,234.83
2018-09-17,232.52
2018-09-18,230.22
2018-09-19,228.77
2018-09-21,227.17
2018-09-24,222.72
2018-09-25,224.04
2018-09-26,223.84
2018-09-27,222.09
2018-09-28,221.26
2018-10-01,221.04
2018-10-03,217.71
2018-10-04,213.29
2018-10-05,208.16
2018-10-08,207.79
2018-10-09,207.04
2018-10-10,210.71
2018-10-11,206.36
2018-10-12,210.87
2018-10-15,211.58
2018-10-16,213.51
2018-10-17,210.72
2018-10-19,207.53
2018-10-22,205.55
2018-10-23,203.18
2018-10-24,204.39
2018-10-25,202.6
2018-10-26,201.13
2018-10-29,205.42
2018-10-30,205.09
2018-10-31,209.42
2018-11-01,209.6
2018-11-02,212.54
2018-11-05,212.55
2018-11-06,212.33
2018-11-09,213.64
2018-11-12,211.77
2018-11-13,213.13
2018-11-14,212.91
2018-11-15,213.55
2018-11-16,214.97
2018-11-19,216.23
2018-11-20,214.5
2018-11-21,213.56
2018-11-22,212.17
2018-11-26,214.16
2018-11-27,215.72
2018-11-28,216.53
2018-11-29,218.41
2018-11-30,219.13
2018-12-03,219.25
2018-12-04,218.71
2018-12-05,217.32
2018-12-06,214.09
2018-12-07,215.23
2018-12-10,211.73
2018-12-11,213.32
2018-12-12,217.04
2018-12-13,218.42
2018-12-14,219.29
2018-12-17,221.08
2018-12-18,221.57
2018-12-19,222.98
2018-12-20,222.15
2018-12-21,218.62
2018-12-24,217.13
2018-12-26,217.96
2018-12-27,219.31
2018-12-28,220.96
2018-12-31,221.22
2019-01-01,221.65
2019-01-02,219.68
2019-01-03,217.34
2019-01-04,217.69
2019-01-07,218.24
2019-01-08,218.72
2019-01-09,219.8
2019-01-10,219.93
2019-01-11,219.18
2019-01-14,217.85
2019-01-15,220.08
2019-01-16,220.3
2019-01-17,220.28
2019-01-18,219.65
2019-01-21,220.46
2019-01-22,219.21
2019-01-23,217.79
2019-01-24,217.96
2019-01-25,216.09
2019-01-28,214.0
2019-01-29,213.65
2019-01-30,214.75
2019-01-31,217.95
2019-02-01,219.15
2019-02-04,219.48
2019-02-05,219.66
2019-02-06,222.28
2019-02-07,222.75
2019-02-08,220.2
2019-02-11,218.42
2019-02-12,217.25
2019-02-13,216.59
2019-02-14,215.84
2019-02-15,214.85
2019-02-18,213.13
2019-02-19,212.94
2019-02-20,215.33
2019-02-21,216.72
2019-02-22,217.06
2019-02-25,219.12
2019-02-26,218.28
2019-02-27,218.32
2019-02-28,218.46
2019-03-01,219.91
2019-03-05,222.9
2019-03-06,224.17
2019-03-07,224.37
2019-03-08,224.06
2019-03-11,226.87
2019-03-12,229.15
2019-03-13,229.69
2019-03-14,229.49
2019-03-15,230.68
2019-03-18,231.02
2019-03-19,232.38
2019-03-20,232.08
2019-03-22,230.61
2019-03-25,228.24
2019-03-26,230.75
2019-03-27,230.22
2019-03-28,233.12
2019-03-29,234.35
2019-04-01,234.88
2019-04-02,235.17
2019-04-03,233.38
2019-04-04,232.53
2019-04-05,234.07
2019-04-08,232.88
2019-04-09,233.83
2019-04-10,232.35
2019-04-11,232.35
2019-04-12,233.76
2019-04-15,234.74
2019-04-16,236.96
2019-04-18,236.43
2019-04-22,232.86
2019-04-23,232.37
2019-04-24,234.92
2019-04-25,233.2
2019-04-26,235.58
2019-04-30,235.9
2019-05-02,235.02
2019-05-03,234.57
2019-05-06,232.3
2019-05-07,230.03
2019-05-08,227.37
2019-05-09,226.34
2019-05-10,226.05
2019-05-13,222.94
2019-05-14,223.81
2019-05-15,222.89
2019-05-16,224.31
2019-05-17,226.91
2019-05-20,235.45
2019-05-21,232.92
2019-05-22,233.87
2019-05-23,233.06
2019-05-24,237.44
2019-05-27,239.76
2019-05-28,240.4
2019-05-29,238.85
2019-05-30,240.4
2019-05-31,240.16
2019-06-03,242.73
2019-06-04,241.64
2019-06-06,237.56
2019-06-07,238.16
2019-06-10,239.34
2019-06-11,240.19
2019-06-12,238.73
2019-06-13,239.32
2019-06-14,237.49
2019-06-17,234.55
2019-06-18,235.05
2019-06-19,234.83
2019-06-20,237.78
2019-06-21,235.95
2019-06-24,235.17
2019-06-25,236.88
2019-06-26,237.86
2019-06-27,238.15
2019-06-28,237.56
2019-07-01,238.53
2019-07-02,239.2
2019-07-03,239.51
2019-07-04,240.13
2019-07-05,237.57
2019-07-08,232.6
2019-07-09,232.91
2019-07-10,231.62
2019-07-11,232.76
2019-07-12,232.53
2019-07-15,233.05
2019-07-16,234.28
2019-07-17,234.77
2019-07-18,232.86
2019-07-19,229.52
2019-07-22,228.47
2019-07-23,228.22
2019-07-24,226.65
2019-07-25,226.89
2019-07-26,227.43
2019-07-29,226.02
2019-07-30,223.85
2019-07-31,224.39
2019-08-01,221.68
2019-08-02,222.06
2019-08-05,219.49
2019-08-06,221.82
2019-08-07,219.82
2019-08-08,222.9
2019-08-09,224.81
2019-08-13,221.37
2019-08-14,223.41
2019-08-16,223.8
2019-08-19,224.24
2019-08-20,223.45
2019-08-21,222.04
2019-08-22,218.98
2019-08-23,220.3
2019-08-26,224.74
2019-08-27,226.39
2019-08-28,225.43
2019-08-29,223.32
2019-08-30,224.86
2019-09-03,220.29
2019-09-04,221.35
2019-09-05,221.34
2019-09-06,223.37
2019-09-09,224.61
2019-09-11,225.39
2019-09-12,224.86
2019-09-13,227.12
2019-09-16,225.66
2019-09-17,221.81
2019-09-18,222.59
2019-09-19,219.8
2019-09-20,231.38
2019-09-23,238.78
2019-09-24,238.38
2019-09-25,235.03
2019-09-26,237.78
2019-09-27,236.95
2019-09-30,235.99
2019-10-01,234.4
2019-10-03,233.3
2019-10-04,230.24
2019-10-07,229.04
2019-10-09,232.73
2019-10-10,231.06
2019-10-11,232.69
2019-10-14,233.43
2019-10-15,234.86
2019-10-16,235.5
2019-10-17,237.95
2019-10-18,239.62
2019-10-22,238.36
2019-10-23,238.89
2019-10-24,239.13
2019-10-25,239.89
2019-10-29,244.25
2019-10-30,245.69
2019-10-31,245.95
2019-11-01,245.72
2019-11-04,246.16
2019-11-05,244.89
2019-11-06,246.03
2019-11-07,246.83
2019-11-08,245.63
2019-11-11,245.99
2019-11-13,245.02
2019-11-14,246.52
2019-11-15,246.68
2019-11-18,246.48
2019-11-19,247.53
2019-11-20,248.79
2019-11-21,248.09
2019-11-22,246.56
2019-11-25,249.37
2019-11-26,249.16
2019-11-27,250.05
2019-11-28,251.33
2019-11-29,249.99
2019-12-02,249.88
2019-12-03,249.09
2019-12-04,249.95
2019-12-05,249.57
2019-12-06,248.02
2019-12-09,248.54
2019-12-10,246.84
2019-12-11,247.72
2019-12-12,248.93
2019-12-13,251.41
2019-12-16,250.66
2019-12-17,252.52
2019-12-18,253.32
2019-12-19,254.08
2019-12-20,254.71
2019-12-23,254.22
2019-12-24,253.09
2019-12-26,251.59
2019-12-27,254.09
2019-12-30,254.15
2019-12-31,252.62
2020-01-01,253.02
2020-01-02,255.04
2020-01-03,254.07
2020-01-06,249.23
2020-01-07,250.52
2020-01-08,250.15
2020-01-09,253.93
2020-01-10,254.64
2020-01-13,255.79
2020-01-14,256.64
2020-01-15,256.92
2020-01-16,257.58
2020-01-17,257.75
2020-01-20,255.32
2020-01-21,254.48
2020-01-22,253.56
2020-01-23,255.94
2020-01-24,257.76
2020-01-27,255.79
2020-01-28,254.75
2020-01-29,255.84
2020-01-30,253.9
2020-01-31,252.51
2020-02-03,247.48
2020-02-04,252.78
2020-02-05,255.5
2020-02-06,256.35
2020-02-07,255.53
2020-02-10,254.46
2020-02-11,255.23
2020-02-12,256.98
2020-02-13,256.07
2020-02-14,254.93
2020-02-17,253.15
2020-02-18,252.69
2020-02-19,255.57
2020-02-20,254.96
2020-02-24,250.23
2020-02-25,249.59
2020-02-26,246.96
2020-02-27,246.1
2020-02-28,237.8
2020-03-02,236.15
2020-03-03,239.59
2020-03-04,237.86
2020-03-05,238.37
2020-03-06,232.73
2020-03-09,222.31
2020-03-11,222.22
2020-03-12,204.4
2020-03-13,211.54
2020-03-16,196.78
2020-03-17,192.18
2020-03-18,182.56
2020-03-19,177.67
2020-03-20,186.52
2020-03-23,162.23
2020-03-24,166.2
2020-03-25,176.64
2020-03-26,183.98
2020-03-27,184.07
2020-03-30,177.19
2020-03-31,183.67
2020-04-01,177.06
2020-04-03,172.27
2020-04-07,185.96
2020-04-08,185.41
2020-04-09,192.36
2020-04-13,190.45
2020-04-15,189.44
2020-04-16,191.58
2020-04-17,197.22
2020-04-20,197.1
2020-04-21,191.44
2020-04-22,194.98
2020-04-23,197.44
2020-04-24,194.06
2020-04-27,197.26
2020-04-28,199.1
2020-04-29,201.95
2020-04-30,207.49
2020-05-04,196.92
2020-05-05,195.19
2020-05-06,196.83
2020-05-07,195.47
2020-05-08,196.48
2020-05-11,196.76
2020-05-12,195.85
2020-05-13,199.74
2020-05-14,195.46
2020-05-15,195.43
2020-05-18,188.47
2020-05-19,189.52
2020-05-20,192.94
2020-05-21,193.77
2020-05-22,192.72
2020-05-26,192.99
2020-05-27,197.87
2020-05-28,201.51
2020-05-29,202.94
2020-06-01,207.15
2020-06-02,209.67
2020-06-03,211.29
2020-06-04,211.12
2020-06-05,213.91
2020-06-08,214.51
2020-06-09,212.07
2020-06-10,213.08
2020-06-11,209.26
2020-06-12,210.89
2020-06-15,207.79
2020-06-16,209.59
2020-06-17,209.68
2020-06-18,213.0
2020-06-19,215.96
2020-06-22,217.23
2020-06-23,220.48
2020-06-24,217.54
2020-06-25,217.61
2020-06-26,219.96
2020-06-29,218.46
2020-06-30,218.81
2020-07-01,220.5
2020-07-02,223.18
2020-07-03,224.7
2020-07-06,227.81
2020-07-07,228.59
2020-07-08,226.72
2020-07-09,228.37
2020-07-10,227.68
2020-07-13,228.33
2020-07-14,225.07
2020-07-15,224.98
2020-07-16,228.13
2020-07-17,231.99
2020-07-20,234.28
2020-07-21,236.91
2020-07-22,235.69
2020-07-23,236.96
2020-07-24,236.5
2020-07-27,235.75
2020-07-28,238.75
2020-07-29,236.75
2020-07-30,235.16
2020-07-31,234.78
2020-08-03,232.28
2020-08-04,235.98
2020-08-05,236.26
2020-08-06,237.93
2020-08-07,238.29
2020-08-10,238.97
2020-08-11,239.47
2020-08-12,239.27
2020-08-13,239.91
2020-08-14,237.67
2020-08-17,238.9
2020-08-18,242.01
2020-08-19,242.59
2020-08-20,240.75
2020-08-21,242.4
2020-08-24,244.21
2020-08-25,244.35
2020-08-26,245.72
2020-08-27,245.51
2020-08-28,246.83
2020-08-31,241.06
2020-09-01,242.38
2020-09-02,244.33
2020-09-03,244.59
2020-09-04,240.59
2020-09-07,240.4
2020-09-08,239.63
2020-09-09,238.68
2020-09-10,242.05
2020-09-11,243.22
2020-09-14,244.72
2020-09-15,246.57
2020-09-16,248.24
2020-09-17,246.58
2020-09-18,246.02
2020-09-21,240.53
2020-09-22,238.54
2020-09-23,238.65
2020-09-24,232.25
2020-09-25,237.37
2020-09-28,241.2
2020-09-29,241.82
2020-09-30,241.98
2020-10-01,244.81
2020-10-05,246.39
2020-10-06,248.57
2020-10-07,250.34
2020-10-08,252.55
2020-10-09,254.19
2020-10-12,253.93
2020-10-13,253.88
2020-10-14,255.2
2020-10-15,249.2
2020-10-16,251.0
2020-10-19,252.61
2020-10-20,253.37
2020-10-21,253.86
2020-10-22,253.18
2020-10-23,253.75
2020-10-26,250.81
2020-10-27,253.28
2020-10-28,250.46
2020-10-29,249.8
2020-10-30,248.69
2020-11-02,248.84
2020-11-03,251.66
2020-11-04,253.6
2020-11-05,257.33
2020-11-06,259.57
2020-11-09,263.73
2020-11-10,266.11
2020-11-11,267.86
2020-11-12,267.42
2020-11-13,267.87
2020-11-17,270.91
2020-11-18,271.83
2020-11-19,268.78
2020-11-20,271.09
2020-11-23,273.14
2020-11-24,275.6
2020-11-25,271.49
2020-11-26,273.55
2020-11-27,274.28
2020-12-01,276.91
2020-12-02,276.53
2020-12-03,276.91
2020-12-04,279.5
2020-12-07,281.34
2020-12-08,282.42
2020-12-09,284.47
2020-12-10,283.33
2020-12-11,284.11
2020-12-14,285.02
2020-12-15,284.59
2020-12-16,286.58
2020-12-17,287.64
2020-12-18,287.99
2020-12-21,280.13
2020-12-22,283.0
2020-12-23,286.47
2020-12-24,289.01
2020-12-28,291.86
2020-12-29,292.84
2020-12-30,294.14
2020-12-31,293.98
2021-01-01,294.73
2021-01-04,297.82
2021-01-05,300.0
2021-01-06,299.49
2021-01-07,299.1
2021-01-08,303.52
2021-01-11,305.99
2021-01-12,307.27
2021-01-13,306.92
2021-01-14,307.72
2021-01-15,304.36
2021-01-18,301.15
2021-01-19,305.45
2021-01-20,307.79
2021-01-21,306.22
2021-01-22,303.33
2021-01-25,300.59
2021-01-27,295.39
2021-01-28,292.75
2021-01-29,289.53
2021-02-01,301.39
2021-02-02,307.76
2021-02-03,309.98
2021-02-04,312.44
2021-02-05,311.73
2021-02-08,316.8
2021-02-09,317.57
2021-02-10,318.4
2021-02-11,319.56
2021-02-12,320.48
2021-02-15,323.22
2021-02-16,322.37
2021-02-17,321.52
2021-02-18,320.04
2021-02-19,316.77
2021-02-22,310.52
2021-02-23,311.6
2021-02-24,316.63
2021-02-25,318.76
2021-02-26,309.09
2021-03-01,313.53
2021-03-02,317.12
2021-03-03,322.86
2021-03-04,321.92
2021-03-05,318.89
2021-03-08,319.01
2021-03-09,320.98
2021-03-10,322.49
2021-03-12,319.77
2021-03-15,317.52
2021-03-16,318.26
2021-03-17,313.25
2021-03-18,309.62
2021-03-19,313.72
2021-03-22,313.79
2021-03-23,316.18
2021-03-24,310.71
2021-03-25,305.74
2021-03-26,309.64
2021-03-30,316.26
2021-03-31,314.18
2021-04-01,317.27
2021-04-05,312.38
2021-04-06,312.71
2021-04-07,315.65
2021-04-08,317.24
2021-04-09,316.95
2021-04-12,306.09
2021-04-13,308.81
2021-04-15,309.8
2021-04-16,310.8
2021-04-19,305.89
2021-04-20,305.48
2021-04-22,306.76
2021-04-23,305.53
2021-04-26,308.92
2021-04-27,311.99
2021-04-28,316.36
2021-04-29,316.58
2021-04-30,312.35
2021-05-03,312.13
2021-05-04,309.31
2021-05-05,312.02
2021-05-06,313.56
2021-05-07,314.14
2021-05-10,316.33
2021-05-11,315.45
2021-05-12,313.36
2021-05-14,312.11
2021-05-17,316.7
2021-05-18,320.88
2021-05-19,320.97
2021-05-20,318.91
2021-05-21,323.72
2021-05-24,324.46
2021-05-25,325.05
2021-05-26,326.81
2021-05-27,327.81
2021-05-28,329.0
2021-05-31,332.53
2021-06-01,331.42
2021-06-02,332.57
2021-06-03,335.21
2021-06-04,335.07
2021-06-07,337.19
2021-06-08,337.79
2021-06-09,335.37
2021-06-10,338.12
2021-06-11,338.75
2021-06-14,339.05
2021-06-15,341.03
2021-06-16,339.28
2021-06-17,338.26
2021-06-18,337.85
2021-06-21,339.27
2021-06-22,340.26
2021-06-23,338.31
2021-06-24,340.3
2021-06-25,342.0
2021-06-28,341.83
2021-06-29,341.28
2021-06-30,341.36
2021-07-01,340.68
2021-07-02,341.7
2021-07-05,343.93
2021-07-06,344.34
2021-07-07,344.84
2021-07-08,342.24
2021-07-09,341.72
2021-07-12,342.3
2021-07-13,344.38
2021-07-14,344.96
2021-07-15,346.09
2021-07-16,346.94
2021-07-19,343.27
2021-07-20,340.55
2021-07-22,345.0
2021-07-23,347.19
2021-07-26,347.7
2021-07-27,345.62
2021-07-28,345.06
2021-07-29,345.98
2021-07-30,345.75
2021-08-02,349.07
2021-08-03,353.19
2021-08-04,354.53
2021-08-05,354.69
2021-08-06,353.67
2021-08-09,353.77
2021-08-10,354.23
2021-08-11,353.2
2021-08-12,355.45
2021-08-13,358.13
2021-08-16,357.55
2021-08-17,358.99
2021-08-18,358.97
2021-08-20,355.91
2021-08-23,356.23
2021-08-24,358.08
2021-08-25,358.62
2021-08-26,358.83
2021-08-27,360.7
2021-08-30,365.94
2021-08-31,370.01
2021-09-01,370.05
2021-09-02,373.82
2021-09-03,375.44
2021-09-06,376.6
2021-09-07,376.36
2021-09-08,376.49
2021-09-09,376.85
2021-09-13,376.64
2021-09-14,377.15
2021-09-15,380.08
2021-09-16,381.72
2021-09-17,380.55
2021-09-20,376.93
2021-09-21,379.19
2021-09-22,378.94
2021-09-23,384.16
2021-09-24,384.18
2021-09-27,384.59
2021-09-28,381.31
2021-09-29,380.35
2021-09-30,379.52
2021-10-01,377.72
2021-10-04,381.34
2021-10-05,383.49
2021-10-06,379.83
2021-10-07,384.07
2021-10-08,386.24
2021-10-11,387.43
2021-10-12,388.65
2021-10-13,391.73
2021-10-14,394.86
2021-10-18,396.89
2021-10-19,395.23
2021-10-20,391.47
2021-10-21,389.08
2021-10-22,387.18
2021-10-25,388.06
2021-10-26,391.01
2021-10-27,390.69
2021-10-28,383.89
2021-10-29,380.95
2021-11-01,386.04
2021-11-02,386.06
2021-11-03,384.99
2021-11-08,390.21
2021-11-09,390.16
2021-11-10,390.72
2021-11-11,387.94
2021-11-12,391.99
2021-11-15,392.39
2021-11-16,391.01
2021-11-17,388.37
2021-11-18,384.55
2021-11-22,376.51
2021-11-23,378.41
2021-11-24,376.8
2021-11-25,378.41
2021-11-26,367.08
2021-11-29,367.4
2021-11-30,367.73
2021-12-01,371.28
2021-12-02,375.22
2021-12-03,371.89
2021-12-06,365.74
2021-12-07,371.24
2021-12-08,377.17
2021-12-09,378.07
2021-12-10,378.13
2021-12-13,375.85
2021-12-14,374.79
2021-12-15,372.42
2021-12-16,373.12
2021-12-17,367.85
2021-12-20,358.94
2021-12-21,362.56
2021-12-22,367.35
2021-12-23,370.08
2021-12-24,368.05
2021-12-27,369.38
2021-12-28,371.93
2021-12-29,371.9
2021-12-30,371.59
2021-12-31,375.52
2022-01-03,380.34
2022-01-04,383.32
2022-01-05,385.13
2022-01-06,382.52
2022-01-07,384.16
2022-01-10,387.55
2022-01-11,388.07
2022-01-12,390.84
2022-01-13,391.31
2022-01-14,391.49
2022-01-17,392.19
2022-01-18,388.22
2022-01-19,384.85
2022-01-20,381.53
2022-01-21,378.29
2022-01-24,367.44
2022-01-25,371.08
2022-01-27,367.09
2022-01-28,368.09
2022-01-31,372.81
2022-02-01,377.91
2022-02-02,381.53
2022-02-03,377.74
2022-02-04,376.19
2022-02-07,370.97
2022-02-08,371.09
2022-02-09,375.46
2022-02-10,377.31
2022-02-11,371.85
2022-02-14,360.09
2022-02-15,370.57
2022-02-16,369.42
2022-02-17,368.22
2022-02-18,366.74
2022-02-21,365.1
2022-02-22,362.56
2022-02-23,363.27
2022-02-24,346.08
2022-02-25,354.19
2022-02-28,355.95
2022-03-02,351.55
2022-03-03,348.32
2022-03-04,342.66
2022-03-07,333.34
2022-03-08,337.39
2022-03-09,344.51
2022-03-10,349.27
2022-03-11,350.03
2022-03-14,353.96
2022-03-15,350.79
2022-03-16,357.49
2022-03-17,363.04
2022-03-21,359.3
2022-03-22,362.51
2022-03-23,361.58
2022-03-24,361.26
2022-03-25,360.51
2022-03-28,361.76
2022-03-29,364.2
2022-03-30,368.4
2022-03-31,368.63
2022-04-01,372.64
2022-04-04,379.79
2022-04-05,378.69
2022-04-06,376.17
2022-04-07,373.56
2022-04-08,376.39
2022-04-11,374.27
2022-04-12,370.67
2022-04-13,369.49
2022-04-18,364.5
2022-04-19,359.78
2022-04-20,362.62
2022-04-21,367.89
2022-04-22,363.42
2022-04-25,358.51
2022-04-26,363.31
2022-04-27,359.6
2022-04-28,364.58
2022-04-29,361.41
2022-05-02,360.09
2022-05-04,351.9
2022-05-05,352.24
2022-05-06,346.01
2022-05-09,343.34
2022-05-10,341.97
2022-05-11,339.83
2022-05-12,332.85
2022-05-13,332.73
2022-05-16,335.24
2022-05-17,343.24
2022-05-18,343.55
2022-05-19,334.73
2022-05-20,342.09
2022-05-23,342.9
2022-05-24,340.98
2022-05-25,338.14
2022-05-26,342.53
2022-05-27,346.67
2022-05-30,354.17
2022-05-31,352.93
2022-06-01,351.89
2022-06-02,353.2
2022-06-03,351.44
2022-06-06,350.46
2022-06-07,346.69
2022-06-08,345.35
2022-06-09,348.07
2022-06-10,343.28
2022-06-13,334.77
2022-06-14,334.46
2022-06-15,334.69
2022-06-16,327.95
2022-06-17,325.27
2022-06-20,325.5
2022-06-21,332.28
2022-06-22,328.35
2022-06-23,332.28
2022-06-24,335.5
2022-06-27,338.61
2022-06-28,338.91
2022-06-29,337.16
2022-06-30,336.64
2022-07-01,337.06
2022-07-04,339.36
2022-07-05,339.04
2022-07-06,344.18
2022-07-07,346.88
2022-07-08,348.13
2022-07-11,348.27
2022-07-12,345.03
2022-07-13,343.81
2022-07-14,343.28
2022-07-15,345.54
2022-07-18,349.96
2022-07-19,351.4
2022-07-20,354.54
2022-07-21,356.91
2022-07-22,359.47
2022-07-25,357.18
2022-07-26,352.75
2022-07-27,356.14
2022-07-28,360.88
2022-07-29,364.33
2022-08-01,368.5
2022-08-02,369.11
2022-08-03,369.21
2022-08-04,369.39
2022-08-05,370.52
2022-08-08,372.75
2022-08-10,372.65
2022-08-11,376.54
2022-08-12,377.55
2022-08-16,381.1
2022-08-17,383.24
2022-08-18,383.66
2022-08-19,379.28
2022-08-22,373.41
2022-08-23,375.54
2022-08-24,376.17
2022-08-25,375.0
2022-08-26,375.38
2022-08-29,370.53
2022-08-30,379.31
2022-09-01,376.55
2022-09-02,376.34
2022-09-05,378.16
2022-09-06,377.92
2022-09-07,378.4
2022-09-08,381.99
2022-09-09,383.05
2022-09-12,385.52
2022-09-13,387.68
2022-09-14,385.77
2022-09-15,383.87
2022-09-16,375.71
2022-09-19,377.28
2022-09-20,381.43
2022-09-21,379.26
2022-09-22,378.08
2022-09-23,370.85
2022-09-26,363.06
2022-09-27,363.41
2022-09-28,360.81
2022-09-29,361.23
2022-09-30,366.9
2022-10-03,362.51
2022-10-04,369.78
2022-10-06,371.92
2022-10-07,370.76
2022-10-10,369.69
2022-10-11,364.61
2022-10-12,367.3
2022-10-13,364.72
2022-10-14,367.38
2022-10-17,369.88
2022-10-18,373.16
2022-10-19,373.68
2022-10-20,373.98
2022-10-21,374.82
2022-10-25,377.84
2022-10-27,379.15
2022-10-28,378.94
2022-10-31,383.73
2022-11-01,385.57
2022-11-02,384.37
2022-11-03,383.7
2022-11-04,383.65
2022-11-07,386.36
2022-11-09,384.89
2022-11-10,381.74
2022-11-11,386.44
2022-11-14,386.1
2022-11-15,387.16
2022-11-16,386.69
2022-11-17,384.93
2022-11-18,383.84
2022-11-21,381.33
2022-11-22,382.61
2022-11-23,383.67
2022-11-24,388.06
2022-11-25,389.37
2022-11-28,390.53
2022-11-29,391.42
2022-11-30,394.69
2022-12-01,396.15
2022-12-02,394.44
2022-12-05,393.89
2022-12-06,391.96
2022-12-07,391.04
2022-12-08,393.68
2022-12-09,391.52
2022-12-12,391.71
2022-12-13,393.45
2022-12-14,395.1
2022-12-15,390.73
2022-12-16,386.55
2022-12-19,389.38
2022-12-20,388.65
2022-12-21,384.51
2022-12-22,382.67
2022-12-23,375.73
2022-12-26,380.9
2022-12-27,383.31
2022-12-28,382.96
2022-12-29,384.08
2022-12-30,382.99
2023-01-02,385.33
2023-01-03,386.14
2023-01-04,382.66
2023-01-05,382.89
2023-01-06,380.27
2023-01-09,384.74
2023-01-10,381.55
2023-01-11,381.54
2023-01-12,381.06
2023-01-13,382.19
2023-01-16,380.66
2023-01-17,382.69
2023-01-18,384.51
2023-01-19,384.32
2023-01-20,382.47
2023-01-23,384.37
2023-01-24,383.7
2023-01-25,378.84
2023-01-27,373.9
2023-01-30,375.06
2023-01-31,377.34
2023-02-01,376.72
2023-02-02,378.65
2023-02-03,382.11
2023-02-06,381.19
2023-02-07,380.31
2023-02-08,382.97
2023-02-09,383.11
2023-02-10,382.94
2023-02-13,380.84
2023-02-14,383.01
2023-02-15,384.49
2023-02-16,384.84
2023-02-17,383.46
2023-02-20,382.32
2023-02-21,381.63
2023-02-22,377.02
2023-02-23,376.39
2023-02-24,374.78
2023-02-27,373.03
2023-02-28,371.99
2023-03-01,375.19
2023-03-02,372.4
2023-03-03,376.42
2023-03-06,378.49
2023-03-08,379.38
2023-03-09,375.65
2023-03-10,372.44
2023-03-13,366.77
2023-03-14,365.17
2023-03-15,363.79
2023-03-16,363.91
2023-03-17,366.19
2023-03-20,364.17
2023-03-21,366.51
2023-03-22,367.55
2023-03-23,366.47
2023-03-24,363.84
2023-03-27,363.77
2023-03-28,362.8
2023-03-29,365.71
2023-03-31,371.45
2023-04-03,371.92
2023-04-05,374.72
2023-04-06,375.71
2023-04-10,375.99
2023-04-11,377.63
2023-04-12,379.35
2023-04-13,379.08
2023-04-17,376.64
2023-04-18,376.4
2023-04-19,375.76
2023-04-20,375.63
2023-04-21,374.97
2023-04-24,377.22
2023-04-25,377.7
2023-04-26,379.04
2023-04-27,381.09
2023-04-28,384.04
2023-05-02,385.86
2023-05-03,384.92
2023-05-04,387.4
2023-05-05,384.84
2023-05-08,388.48
2023-05-09,388.51
2023-05-10,389.27
2023-05-11,388.71
2023-05-12,388.96
2023-05-15,391.11
2023-05-16,389.92
2023-05-17,388.75
2023-05-18,386.76
2023-05-19,387.9
2023-05-22,389.82
2023-05-23,390.08
2023-05-24,389.42
2023-05-25,390.72
2023-05-26,394.5
2023-05-29,396.32
2023-05-30,397.06
2023-05-31,396.23
2023-06-01,395.3
2023-06-02,397.03
2023-06-05,398.29
2023-06-06,398.43
2023-06-07,401.0
2023-06-08,398.83
2023-06-09,397.65
2023-06-12,398.5
2023-06-13,400.44
2023-06-14,400.83
2023-06-15,400.04
2023-06-16,402.89
2023-06-19,401.7
2023-06-20,402.46
2023-06-21,403.28
2023-06-22,401.95
2023-06-23,399.36
2023-06-26,400.11
2023-06-27,402.63
2023-06-28,405.4
2023-06-30,409.79
2023-07-03,411.99
2023-07-04,412.53
2023-07-05,414.04
2023-07-06,416.12
2023-07-07,412.85
2023-07-10,412.33
2023-07-11,414.5
2023-07-12,413.8
2023-07-13,414.2
2023-07-14,417.48
2023-07-17,420.43
2023-07-18,420.37
2023-07-19,422.18
2023-07-20,424.67
2023-07-21,420.72
2023-07-24,418.9
2023-07-25,419.07
2023-07-26,421.17
2023-07-27,419.35
2023-07-28,419.36
2023-07-31,421.58
2023-08-01,421.83
2023-08-02,417.54
2023-08-03,414.71
2023-08-04,417.7
2023-08-07,419.56
2023-08-08,419.64
2023-08-09,422.09
2023-08-10,420.0
2023-08-11,417.71
2023-08-14,417.46
2023-08-16,418.2
2023-08-17,416.64
2023-08-18,415.32
2023-08-21,417.16
2023-08-22,417.97
2023-08-23,419.39
2023-08-24,419.31
2023-08-25,416.34
2023-08-28,417.8
2023-08-29,418.68
2023-08-30,419.59
2023-08-31,418.68
2023-09-01,422.38
2023-09-04,424.74
2023-09-05,425.9
2023-09-06,426.65
2023-09-07,428.84
2023-09-08,430.78
2023-09-11,434.07
2023-09-12,432.1
2023-09-13,433.12
2023-09-14,435.17
2023-09-15,436.74
2023-09-18,434.98
2023-09-20,430.72
2023-09-21,427.06
2023-09-22,426.08
2023-09-25,425.85
2023-09-26,425.32
2023-09-27,427.13
2023-09-29,426.0
2023-10-03,424.24
2023-10-04,420.76
2023-10-05,423.39
2023-10-06,425.93
2023-10-09,422.32
2023-10-10,426.42
2023-10-11,428.63
2023-10-12,428.84
2023-10-13,427.68
2023-10-16,427.81
2023-10-17,429.35
2023-10-18,426.45
2023-10-19,425.31
2023-10-20,422.46
2023-10-23,416.43
2023-10-25,414.12
2023-10-26,409.45
2023-10-27,413.71
2023-10-30,414.31
2023-10-31,413.0
2023-11-01,411.49
2023-11-02,414.6
2023-11-03,417.46
2023-11-06,421.27
2023-11-07,421.98
2023-11-08,422.89
2023-11-09,422.12
2023-11-10,422.21
2023-11-13,422.59
2023-11-15,427.62
2023-11-16,429.96
2023-11-17,429.71
2023-11-20,428.8
2023-11-21,430.16
2023-11-22,430.99
2023-11-23,430.91
2023-11-24,430.85
2023-11-28,432.51
2023-11-29,437.25
2023-11-30,438.91
2023-12-01,442.26
2023-12-04,450.06
2023-12-05,452.4
2023-12-06,453.84
2023-12-07,453.83
2023-12-08,454.93
2023-12-11,455.84
2023-12-12,453.92
2023-12-13,455.17
2023-12-14,460.99
2023-12-15,464.98
2023-12-18,464.88
2023-12-19,464.84
2023-12-20,456.74
2023-12-21,459.28
2023-12-22,462.02
2023-12-26,464.28
2023-12-27,468.37
2023-12-28,471.12
2023-12-29,470.7
2024-01-01,470.91
2024-01-02,468.98
2024-01-03,466.8
2024-01-04,469.66
2024-01-05,471.08
2024-01-08,466.48
2024-01-09,467.93
2024-01-10,468.5
2024-01-11,470.23
2024-01-12,474.22
2024-01-15,477.6
2024-01-16,475.77
2024-01-17,467.55
2024-01-18,466.51
2024-01-19,471.34
2024-01-23,463.8
2024-01-24,468.64
2024-01-25,465.51
2024-01-29,472.33
2024-01-30,468.31
2024-01-31,472.66
2024-02-01,473.46
2024-02-02,476.49
2024-02-05,475.62
2024-02-06,480.74
2024-02-07,480.89
2024-02-08,477.59
2024-02-09,478.4
2024-02-12,473.14
2024-02-13,474.86
2024-02-14,477.46
2024-02-15,480.18
2024-02-16,483.29
2024-02-19,485.01
2024-02-20,485.61
2024-02-21,482.65
2024-02-22,487.08
2024-02-23,487.31
2024-02-26,485.96
2024-02-27,486.82
2024-02-28,481.33
2024-02-29,483.6
2024-03-01,490.58
2024-03-04,492.61
2024-03-05,491.99
2024-03-06,492.7
2024-03-07,492.43
2024-03-11,489.67
2024-03-12,488.81
2024-03-13,479.41
2024-03-14,484.66
2024-03-15,482.01
2024-03-18,482.49
2024-03-19,477.31
2024-03-20,478.21
2024-03-21,483.39
2024-03-22,486.25
2024-03-26,485.82
2024-03-27,487.76
2024-03-28,491.38
2024-03-31,491.32
2024-04-01,495.05
2024-04-02,495.34
2024-04-03,494.78
2024-04-04,496.04
2024-04-05,496.91
2024-04-08,500.52
2024-04-09,499.66
2024-04-10,502.74
2024-04-12,497.0
2024-04-15,491.38
2024-04-16,489.49
2024-04-18,486.53
2024-04-19,488.8
2024-04-22,492.5
2024-04-23,492.92
2024-04-24,494.63
2024-04-25,499.32
2024-04-26,498.2
2024-04-29,502.9
2024-04-30,502.82
2024-05-02,505.26
2024-05-03,502.28
2024-05-06,500.29
2024-05-07,496.7
2024-05-08,499.75
2024-05-09,492.41
2024-05-10,495.52
2024-05-13,496.61
2024-05-14,499.67
2024-05-15,501.27
2024-05-16,506.55
2024-05-17,510.2
2024-05-21,511.33
2024-05-22,513.19
2024-05-23,520.07
2024-05-24,519.97
2024-05-27,520.26
2024-05-28,518.85
2024-05-29,515.03
2024-05-30,510.04
2024-05-31,510.44
2024-06-03,527.03
2024-06-04,496.28
2024-06-05,513.91
2024-06-06,519.01
2024-06-07,529.12
2024-06-10,530.23
2024-06-11,531.14
2024-06-12,532.49
2024-06-13,535.37
2024-06-14,537.64
2024-06-18,539.99
2024-06-19,538.13
2024-06-20,539.02
2024-06-21,537.95
2024-06-24,539.36
2024-06-25,542.41
2024-06-26,544.82
2024-06-27,548.03
2024-06-28,547.01
2024-07-01,550.3
2024-07-02,550.57
2024-07-03,554.46
2024-07-04,555.84
2024-07-05,556.98
2024-07-08,556.09
2024-07-09,559.01
2024-07-10,556.67
2024-07-11,556.19
2024-07-12,558.79
2024-07-15,561.28
2024-07-16,561.3
2024-07-18,564.18
2024-07-19,556.23
2024-07-22,558.48
2024-07-23,557.64
2024-07-24,557.74
2024-07-25,557.51
2024-07-26,566.73
2024-07-29,567.77
2024-07-30,568.22
2024-07-31,570.21
2024-08-01,570.06
2024-08-02,564.14
2024-08-05,549.71
2024-08-06,547.6
2024-08-07,555.57
2024-08-08,551.71
2024-08-09,556.44
2024-08-12,555.45
2024-08-13,550.87
2024-08-14,550.93
2024-08-16,560.22
2024-08-19,560.01
2024-08-20,562.84
2024-08-21,564.07
2024-08-22,565.94
2024-08-23,566.44
2024-08-26,570.12
2024-08-27,570.27
2024-08-28,570.67
2024-08-29,571.77
2024-08-30,574.92
2024-09-02,575.29
2024-09-03,575.74
2024-09-04,574.8
2024-09-05,574.84
2024-09-06,568.15
2024-09-09,569.48
2024-09-10,572.23
2024-09-11,570.67
2024-09-12,580.27
2024-09-13,579.34
2024-09-16,579.54
2024-09-17,580.28
2024-09-18,578.9
2024-09-19,579.2
2024-09-20,587.15
2024-09-23,591.21
2024-09-24,591.15
2024-09-25,592.23
2024-09-26,596.44
2024-09-27,595.57
2024-09-30,588.48
2024-10-01,589.55
2024-10-03,577.04
2024-10-04,571.5
2024-10-07,565.26
2024-10-08,570.94
2024-10-09,572.15
2024-10-10,572.22
2024-10-11,571.95
2024-10-14,575.57
2024-10-15,575.63
2024-10-16,573.47
2024-10-17,568.1
2024-10-18,569.65
2024-10-21,566.75
2024-10-22,558.53
2024-10-23,558.37
2024-10-24,556.98
2024-10-25,550.86
2024-10-28,553.28
2024-10-29,556.48
2024-10-30,554.15
2024-10-31,551.02
2024-11-04,547.54
2024-11-05,551.14
2024-11-06,558.81
2024-11-07,553.3
2024-11-08,551.67
2024-11-11,551.94
2024-11-12,545.59
2024-11-13,538.05
2024-11-14,538.57
2024-11-18,536.58
2024-11-19,539.25
2024-11-21,536.87
2024-11-22,547.77
2024-11-25,554.66
2024-11-26,555.41
2024-11-27,557.61
2024-11-28,552.31
2024-11-29,555.9
2024-12-02,558.95
2024-12-03,563.14
2024-12-04,564.32
2024-12-05,569.39
2024-12-06,569.49
2024-12-09,567.77
2024-12-10,568.43
2024-12-11,568.97
2024-12-12,566.21
2024-12-13,569.69
2024-12-16,569.6
2024-12-17,563.11
2024-12-18,560.41
2024-12-19,555.19
2024-12-20,546.43
2024-12-23,548.61
2024-12-24,549.05
2024-12-26,549.74
2024-12-27,550.36
2024-12-30,546.96
2024-12-31,547.17
2025-01-01,549.93
2025-01-02,558.24
2025-01-03,554.16
2025-01-06,544.65
2025-01-07,546.13
2025-01-08,543.95
2025-01-09,540.24
2025-01-10,535.74
2025-01-13,524.82
2025-01-14,527.55
2025-01-15,529.05
2025-01-16,532.2
2025-01-17,530.19
2025-01-20,532.18
2025-01-21,523.76
2025-01-22,524.82
2025-01-23,528.53
2025-01-24,524.65
2025-01-27,517.38
2025-01-28,519.16
2025-01-29,525.18
2025-01-30,527.05
2025-01-31,532.33
2025-02-03,529.7
2025-02-04,538.01
2025-02-05,537.18
2025-02-06,534.41
2025-02-07,533.9
2025-02-10,529.24
2025-02-11,520.52
2025-02-12,519.71
2025-02-13,519.52
2025-02-14,515.17
2025-02-17,514.39
2025-02-18,514.41
2025-02-19,515.36
2025-02-20,516.85
2025-02-21,513.07
2025-02-24,507.57
2025-02-25,507.13
2025-02-27,505.53
2025-02-28,495.47
2025-03-03,496.62
2025-03-04,496.35
2025-03-05,503.57
2025-03-06,509.11
2025-03-07,508.24
2025-03-10,505.75
2025-03-11,506.63
2025-03-12,506.06
2025-03-13,504.48
2025-03-17,507.08
2025-03-18,515.39
2025-03-19,518.51
2025-03-20,523.82
2025-03-21,527.77
2025-03-24,534.53
2025-03-25,533.3
2025-03-26,529.18
2025-03-27,532.12
2025-03-28,530.46
2025-03-31,530.4
2025-04-01,523.05
2025-04-02,527.0
2025-04-03,525.33
2025-04-04,516.63
2025-04-07,501.68
2025-04-08,510.38
2025-04-09,507.33
2025-04-11,516.01
2025-04-15,527.89
2025-04-16,529.13
2025-04-17,537.38
2025-04-21,543.79
2025-04-22,545.85
2025-04-23,550.2
2025-04-24,548.3
2025-04-25,542.14
2025-04-28,548.57
2025-04-29,548.9
2025-04-30,548.83
2025-05-02,549.6
2025-05-05,553.3
2025-05-06,550.29
2025-05-07,551.93
2025-05-08,547.22
2025-05-09,542.61
2025-05-12,561.84
2025-05-13,556.71
2025-05-14,559.04
2025-05-15,566.91
2025-05-16,567.73
2025-05-19,566.42
2025-05-20,559.53
2025-05-21,563.55
2025-05-22,560.8
2025-05-23,564.96
2025-05-26,567.46
2025-05-27,563.5
2025-05-28,562.83
2025-05-29,563.91
2025-05-30,562.52
2025-06-02,562.21
2025-06-03,559.96
2025-06-04,561.71
2025-06-05,564.95
2025-06-06,569.85
2025-06-09,573.4
2025-06-10,572.92
2025-06-11,573.28
2025-06-12,566.88
2025-06-13,563.08
2025-06-16,567.96
2025-06-17,566.54
2025-06-18,565.39
2025-06-19,563.68
2025-06-20,570.38
2025-06-23,567.49
2025-06-24,569.67
2025-06-25,573.45
2025-06-26,579.4
2025-06-27,582.77
2025-06-30,581.33
2025-07-01,580.0
2025-07-02,578.42
2025-07-03,577.3
2025-07-04,579.68
2025-07-07,579.72
2025-07-08,581.33
2025-07-09,581.05
2025-07-10,578.33
2025-07-11,574.29
2025-07-14,573.51
2025-07-15,576.01
2025-07-16,576.42
2025-07-17,574.09
2025-07-18,571.04
2025-07-21,573.76
2025-07-22,573.34
2025-07-23,575.93
2025-07-24,572.35
2025-07-25,567.17
2025-07-28,563.86
2025-07-29,567.31
2025-07-30,569.55
2025-07-31,568.12
2025-08-01,562.01
2025-08-04,565.57
2025-08-05,564.67
2025-08-06,561.99
2025-08-07,562.35
2025-08-08,556.88
2025-08-11,562.22
2025-08-12,561.33
2025-08-13,564.1
2025-08-14,564.62
2025-08-18,569.67
2025-08-19,572.11
2025-08-20,574.4
2025-08-21,575.11
2025-08-22,571.59
2025-08-25,573.18
2025-08-26,567.08
2025-08-28,560.79
2025-08-29,559.56
2025-09-01,564.17
2025-09-02,563.4
2025-09-03,566.65
2025-09-04,566.52
2025-09-05,566.43
2025-09-08,567.4
2025-09-09,569.27
2025-09-10,571.41
2025-09-11,572.48
2025-09-12,575.07
2025-09-15,574.85
2025-09-16,579.08
2025-09-17,582.03
2025-09-18,583.79
2025-09-19,582.51
2025-09-22,579.16
2025-09-23,578.48
2025-09-24,575.67
2025-09-25,572.63
2025-09-26,566.18
2025-09-29,566.62
2025-09-30,566.27
2025-10-01,569.73
2025-10-03,572.49
2025-10-06,576.58
2025-10-07,577.07
2025-10-08,574.53
2025-10-09,577.54
2025-10-10,579.01
2025-10-13,577.8
2025-10-14,575.92
2025-10-15,580.76
2025-10-16,585.04
2025-10-17,586.8
2025-10-20,589.59
2025-10-23,590.04
2025-10-24,588.55
2025-10-27,592.96
2025-10-28,591.65
2025-10-29,594.33
2025-10-30,591.14
2025-10-31,588.1
2025-11-03,590.38
2025-11-04,587.01
2025-11-06,584.23
2025-11-07,584.01
2025-11-10,585.85
2025-11-11,589.24
2025-11-12,592.27
2025-11-13,591.93
2025-11-14,591.66
2025-11-17,594.13
2025-11-18,591.57
2025-11-19,594.15
2025-11-20,596.75
2025-11-21,593.81
2025-11-24,591.51
2025-11-25,590.6
2025-11-26,597.53
2025-11-27,597.75
2025-11-28,597.51
2025-12-01,596.97
2025-12-02,594.53
2025-12-05,596.41
2025-12-08,589.77
2025-12-09,588.58
2025-12-10,585.83
2025-12-11,588.77
2025-12-12,593.02
2025-12-15,592.44
2025-12-16,588.54
2025-12-17,587.88
2025-12-18,587.07
2025-12-19,591.67
2025-12-22,596.65
2025-12-23,596.83
2025-12-24,595.23
2025-12-26,592.58
2025-12-29,590.95
2025-12-30,590.51
2025-12-31,594.9
2026-01-01,595.36
2026-01-02,599.5
2026-01-05,598.5
2026-01-06,597.76
2026-01-07,597.41
2026-01-08,591.39
2026-01-09,586.18
2026-01-12,587.06
2026-01-13,586.19
2026-01-14,585.74
2026-01-16,586.61
2026-01-19,585.08
2026-01-20,576.17
2026-01-21,574.33
2026-01-22,578.13
2026-01-23,571.96
2026-01-27,574.3
2026-01-28,579.4
2026-01-29,580.62
2026-01-30,579.75
2026-02-02,574.61
2026-02-03,588.79
2026-02-04,589.71
2026-02-05,586.89
2026-02-06,587.98
2026-02-09,593.67
2026-02-10,596.2
2026-02-11,596.75
2026-02-12,593.84
2026-02-13,587.44
2026-02-16,590.62
2026-02-17,592.14
2026-02-18,594.69
2026-02-19,585.55
2026-02-20,587.72
2026-02-23,591.18
2026-02-24,586.32
2026-02-25,588.77
2026-02-26,590.01
2026-02-27,582.5
2026-03-02,574.69
2026-03-04,564.93
2026-03-05,571.88
2026-03-06,566.06
2026-03-09,555.17
2026-03-10,561.21
2026-03-11,552.59
2026-03-12,547.09
2026-03-13,535.1
2026-03-16,539.21
2026-03-17,543.46
2026-03-18,548.09
2026-03-19,530.5
2026-03-20,533.17
2026-03-23,518.73
2026-03-24,528.8
2026-03-25,538.1
2026-03-27,526.51
2026-03-30,514.77
2026-03-31,514.75
2026-04-01,522.91
2026-04-02,523.5
2026-04-06,529.39
2026-04-07,533.08
2026-04-08,553.15
2026-04-09,549.02
2026-04-10,555.41
2026-04-13,550.86
2026-04-15,559.9
2026-04-16,559.97
2026-04-17,563.79
2026-04-20,564.17
2026-04-21,568.62
2026-04-22,566.14
2026-04-23,561.09
2026-04-24,554.43
2026-04-27,559.23
2026-04-28,556.13
2026-04-29,558.7
2026-04-30,553.57
2026-05-04,556.24
2026-05-05,555.27
2026-05-06,562.22
2026-05-07,563.03
2026-05-08,559.12
2026-05-11,550.04
2026-05-12,540.29
2026-05-13,540.87
2026-05-14,546.39
2026-05-15,545.64
2026-05-18,544.69
2026-05-19,545.02
2026-05-20,545.95
2026-05-21,546.03
2026-05-22,547.43
2026-05-25,554.54
2026-05-26,552.63
2026-05-27,554.76
2026-05-29,546.96
2026-06-01,542.67
2026-06-02,544.11
2026-06-03,542.41
2026-06-04,542.38
2026-06-05,542.67
2026-06-08,536.65
2026-06-09,541.06
2026-06-10,539.57
2026-06-11,537.47
2026-06-12,549.04
2026-06-15,555.18
2026-06-16,557.38
2026-06-17,560.05
2026-06-18,562.13
2026-06-19,559.88
2026-06-22,562.22
2026-06-23,557.46
2026-06-24,560.87
2026-06-25,562.3
2026-06-29,558.7
2026-06-30,558.96
2026-07-01,562.11
2026-07-02,566.6
2026-07-03,568.09
2026-07-06,571.71
2026-07-07,571.07
2026-07-08,559.57
2026-07-09,561.41
2026-07-10,567.75
2026-07-13,567.2
2026-07-14,563.45
2026-07-15,564.76
2026-07-16,565.09
2026-07-17,569.58
2026-07-20,569.02
2026-07-21,568.82
2026-07-22,563.82
2026-07-23,560.16
2026-07-24,558.13
2026-07-27,563.97
2026-07-28,562.51
2026-07-29,567.49
2026-07-30,568.8
2026-07-31,572.28
2026-08-03,580.12
2026-08-04,576.96
2026-08-05,578.55
2026-08-06,579.17
2026-08-07,578.09
2026-08-10,577.64
2026-08-11,575.52
2026-08-12,574.9
2026-08-13,575.35
2026-08-14,575.16
2026-08-17,574.41
2026-08-18,572.23
2026-08-19,569.5
2026-08-20,572.38
2026-08-21,572.31
2026-08-24,571.77
2026-08-25,574.67
2026-08-26,572.54
2026-08-27,570.68
2026-08-28,570.97
2026-08-31,569.27
2026-09-01,566.57
2026-09-02,564.05
2026-09-03,563.87
2026-09-04,564.19
2026-09-07,562.27
2026-09-08,559.83
2026-09-09,556.09
2026-09-10,556.97
2026-09-11,554.72
2026-09-15,544.88
2026-09-16,546.46
2026-09-17,548.51
2026-09-18,551.13
2026-09-21,552.48
2026-09-22,550.97
2026-09-23,554.09
2026-09-24,545.19
2026-09-25,547.17
2026-09-28,538.58
